date	commit	build_s_core_1	build_s_core_12	build_s_full_1	build_s_full_12	rss_mb_core_1	rss_mb_core_12	rss_mb_full_1	rss_mb_full_12	isa_required	isa_optional	table_bytes	heap_peak_bytes
2026-09-24	5fb32c4	23.105	23.394	92.511	77.254	754	766	1609	1638	29	7	256	2097888
2026-09-24	50bec1a	22.375	22.218	94.077	73.610	739	784	1651	1616	29	7	256	2097888
2026-09-25	48ef9d9	24.060	22.062	88.376	76.097	749	769	1651	1649	29	7	256	2097888
2026-09-25	16b5099	37.698	24.489	95.946	76.335	757	780	1569	1601	29	7	256	2097888
2026-09-26	f2e77cb	28.115	22.828	102.200	79.218	744	768	1523	1539	29	7	256	2097888
2026-09-26	12e03ed	32.687	20.653	78.026	65.633	742	791	1515	1556	29	7	256	2097888
2026-09-28	f547c4f	31.218	20.270	81.235	67.984	744	777	1937	1922	29	7	256	2097888
2026-09-28	4d09d49	21.281	20.572	82.447	69.685	758	790	1949	1940	29	7	256	2097888
2026-10-01	37a31fb	21.917	21.665	84.576	72.482	746	775	1906	1944	29	7	256	2097888
2026-10-06	3047372	33.522	20.894	84.424	72.035	736	768	1933	1928	29	7	256	2097888
2026-10-07	08804ff	30.613	25.141	97.351	94.130	744	787	1934	1934	29	7	256	2097888
