date	commit	status	oracle_arm	oracle_rv	probe_arm	probe_rv	corpus	diag	class_checks	burst_equivalent	trace_violations
2026-09-24	5fb32c4	pass	3949/3949	4308/4308	107/107	91/91	67/67	11/11	602/602	1	0
2026-09-24	50bec1a	pass	3949/3949	4308/4308	107/107	91/91	67/67	11/11	602/602	1	0
2026-09-25	48ef9d9	pass	3949/3949	4308/4308	107/107	91/91	67/67	11/11	602/602	1	0
2026-09-25	16b5099	pass	3949/3949	4308/4308	107/107	91/91	67/67	11/11	602/602	1	0
2026-09-26	f2e77cb	pass	3949/3949	4308/4308	107/107	91/91	67/67	11/11	602/602	1	0
2026-09-26	12e03ed	pass	3949/3949	4308/4308	107/107	91/91	67/67	11/11	602/602	1	0
2026-09-28	f547c4f	pass	3949/3949	4308/4308	107/107	91/91	67/67	11/11	602/602	1	0
2026-09-28	4d09d49	pass	3949/3949	4308/4308	107/107	91/91	67/67	11/11	602/602	1	0
2026-10-01	37a31fb	pass	3688/3688	4002/4002	107/107	91/91	65/65	11/11	596/596	1	0
2026-10-06	3047372	pass	3688/3688	4002/4002	107/107	91/91	96/96	11/11	893/893	1	0
