date	commit	core	processor_bytes	text_bytes	rodata_bytes	decode_bytes
2026-09-24	5fb32c4	m0plus	1632	79856	4194	1352192
2026-09-24	5fb32c4	m23	1632	79856	4194	1774368
2026-09-24	5fb32c4	m3	1632	79856	4194	5775096
2026-09-24	5fb32c4	m4	1632	79856	4194	7665760
2026-09-24	5fb32c4	m33	1632	79856	4194	7952272
2026-09-24	5fb32c4	m55	1632	79856	4194	21622600
2026-09-24	5fb32c4	c3	1056	21128	1121	553592
2026-09-24	5fb32c4	c6	1056	21144	1121	585232
2026-09-24	50bec1a	m0plus	1632	79780	4194	1351864
2026-09-24	50bec1a	m23	1632	79780	4194	1774048
2026-09-24	50bec1a	m3	1632	79780	4194	5774824
2026-09-24	50bec1a	m4	1632	79780	4194	7665488
2026-09-24	50bec1a	m33	1632	79780	4194	7951952
2026-09-24	50bec1a	m55	1632	79780	4194	21622272
2026-09-24	50bec1a	c3	1056	20992	1121	553336
2026-09-24	50bec1a	c6	1056	21008	1121	585040
2026-09-25	48ef9d9	m0plus	1632	79716	4194	1352984
2026-09-25	48ef9d9	m23	1632	79716	4194	1775128
2026-09-25	48ef9d9	m3	1632	79716	4194	5775984
2026-09-25	48ef9d9	m4	1632	79716	4194	7666640
2026-09-25	48ef9d9	m33	1632	79716	4194	7953096
2026-09-25	48ef9d9	m55	1632	79716	4194	21623352
2026-09-25	48ef9d9	c3	1056	20992	1121	553336
2026-09-25	48ef9d9	c6	1056	21008	1121	585040
2026-09-25	16b5099	m0plus	1632	79716	4194	1360616
2026-09-25	16b5099	m23	1632	79716	4194	1803560
2026-09-25	16b5099	m3	1632	79716	4194	5778424
2026-09-25	16b5099	m4	1632	79716	4194	7707128
2026-09-25	16b5099	m33	1632	79716	4194	7986392
2026-09-25	16b5099	m55	1632	79716	4194	21575424
2026-09-25	16b5099	c3	1056	20992	1121	517720
2026-09-25	16b5099	c6	1056	21008	1121	585168
2026-09-26	f2e77cb	m0plus	1680	79764	4282	1260456
2026-09-26	f2e77cb	m23	1680	79764	4282	1650864
2026-09-26	f2e77cb	m3	1680	79764	4282	5126048
2026-09-26	f2e77cb	m4	1680	79764	4282	6748048
2026-09-26	f2e77cb	m33	1680	79764	4282	7011504
2026-09-26	f2e77cb	m55	1680	79764	4282	19036856
2026-09-26	f2e77cb	c3	1056	20992	1121	517720
2026-09-26	f2e77cb	c6	1056	21008	1121	585168
2026-09-26	12e03ed	m0plus	1616	86372	4490	1268192
2026-09-26	12e03ed	m23	1856	87444	4486	1625352
2026-09-26	12e03ed	m3	1616	86372	4490	5078328
2026-09-26	12e03ed	m4	1616	86372	4490	6832352
2026-09-26	12e03ed	m33	2192	93832	4486	7057480
2026-09-26	12e03ed	m55	2400	99660	4614	18880328
2026-09-26	12e03ed	c3	1056	20992	1121	517720
2026-09-26	12e03ed	c6	1056	21008	1121	585168
2026-09-28	f547c4f	m0plus	1680	86584	4538	1529776
2026-09-28	f547c4f	m23	1904	87584	4518	2069856
2026-09-28	f547c4f	m3	1680	86584	4538	6377728
2026-09-28	f547c4f	m4	6528	93788	13546	8732632
2026-09-28	f547c4f	m33	2240	94048	4518	8667672
2026-09-28	f547c4f	m55	2448	100064	4646	21731752
2026-09-28	f547c4f	c3	1056	21000	1121	517096
2026-09-28	f547c4f	c6	1056	21012	1121	584568
2026-09-28	4d09d49	m0plus	1680	86584	4538	1529552
2026-09-28	4d09d49	m23	1904	87584	4518	2069632
2026-09-28	4d09d49	m3	1680	86584	4538	6377496
2026-09-28	4d09d49	m4	6704	95612	13722	8733952
2026-09-28	4d09d49	m33	2240	94048	4518	8667448
2026-09-28	4d09d49	m55	2448	100064	4646	21731528
2026-09-28	4d09d49	c3	1056	21000	1121	516872
2026-09-28	4d09d49	c6	1056	21012	1121	584352
2026-10-01	37a31fb	m0plus	1632	87084	4666	1531120
2026-10-01	37a31fb	m23	1856	87292	4470	2068016
2026-10-01	37a31fb	m3	1632	86568	4490	6379464
2026-10-01	37a31fb	m4	6480	95820	17778	8769256
2026-10-01	37a31fb	m33	2192	93828	4470	8696776
2026-10-01	37a31fb	m55	2400	100108	4598	21732400
2026-10-01	37a31fb	c3	1032	21000	1121	516728
2026-10-01	37a31fb	c6	1032	21012	1121	584208
2026-10-06	3047372	m0plus	1632	88212	4767	1628184
2026-10-06	3047372	m23	1872	88052	4603	2164784
2026-10-06	3047372	m3	1632	87584	4599	6476184
2026-10-06	3047372	m4	6496	97476	17895	8879144
2026-10-06	3047372	m7	6896	101224	19119	8885536
2026-10-06	3047372	m33	2208	94524	4603	8792840
2026-10-06	3047372	m55	2416	100832	4731	21829592
2026-10-06	3047372	c3	1032	21000	1121	515728
2026-10-06	3047372	c6	1032	21012	1121	583128
2026-10-07	08804ff	m0plus	1760	88908	4751	1655872
2026-10-07	08804ff	m23	1872	88196	4603	2161184
2026-10-07	08804ff	m3	1632	87516	4583	6476088
2026-10-07	08804ff	m4	6496	97276	17911	8848312
2026-10-07	08804ff	m7	6896	100972	19135	8887784
2026-10-07	08804ff	m33	2208	94736	4603	8787760
2026-10-07	08804ff	m55	2416	100744	4731	21802992
2026-10-07	08804ff	c3	1032	21000	1121	515728
2026-10-07	08804ff	c6	1032	21012	1121	583128
2026-10-09	020119b	m0plus	1760	88908	4751	1655872
2026-10-09	020119b	m23	1872	88196	4603	2161184
2026-10-09	020119b	m3	1632	87516	4583	6476088
2026-10-09	020119b	m4	6496	97276	17911	8848312
2026-10-09	020119b	m7	6896	100972	19135	8887784
2026-10-09	020119b	m33	2208	94736	4603	8787760
2026-10-09	020119b	m55	2416	100744	4731	21802992
2026-10-09	020119b	c3	1184	21500	1121	518768
2026-10-09	020119b	c6	1184	21508	1121	584432
